num,label
0,0
1,0
2,0
3,0
4,0
5,0
6,0
7,0
8,0
9,0
10,0
11,0
12,0
13,0
14,0
15,0
16,0
17,0
18,0
19,0
20,0
21,0
22,0
23,0
24,0
25,0
26,0
27,0
28,0
29,0
30,0
31,0
32,0
33,0
34,0
35,0
36,0
37,0
38,0
39,0
40,0
41,0
42,0
43,0
44,0
45,0
46,0
47,0
48,1
49,1
50,1
51,1
52,1
53,1
54,1
55,1
56,1
57,1
58,1
59,1
60,1
61,1
62,1
63,1
64,1
65,1
66,1
67,1
68,1
69,1
70,1
71,1
72,1
73,1
74,1
75,1
76,1
77,1
78,1
79,1
80,1
81,1
82,1
83,1
84,1
85,1
86,1
87,1
88,1
89,1
90,1
91,1
92,1
93,1
94,1
95,1
96,1
97,1
98,1
99,1
100,1
101,1
102,1
103,1
104,1
105,1
106,1
107,1
108,1
109,1
110,1
111,1
112,1
113,1
114,1
115,1
116,1
117,2
118,2
119,2
120,2
121,2
122,2
123,2
124,2
125,2
126,2
127,2
128,2
129,2
130,2
131,2
132,2
133,2
134,2
135,2
136,2
137,2
138,2
139,2
140,2
141,2
142,2
143,2
144,2
145,2
146,2
147,2
148,2
149,2
150,2
151,2
152,2
153,2
154,2
155,2
156,2
157,2
158,2
159,2
160,2
161,2
162,2
163,2
164,2
165,2
166,2
167,2
168,2
169,2
170,2
171,2
172,2
173,2
174,2
175,2
176,2
177,2
178,2
179,2
180,2
181,2
182,2
183,2
184,2
185,2
186,2
187,2
188,2
189,2
190,2
191,2
192,2
193,2
194,2
195,2
196,2
197,2
198,2
199,2
200,2
201,2
202,2
203,2
204,2
205,2
206,2
207,3
208,3
209,3
210,3
211,3
212,3
213,3
214,3
215,3
216,3
217,3
218,3
219,3
220,3
221,3
222,3
223,3
224,3
225,3
226,3
227,3
228,3
229,3
230,3
231,3
232,3
233,3
234,3
235,3
236,3
237,3
238,3
239,3
240,3
241,3
242,3
243,3
244,3
245,3
246,3
247,3
248,3
249,3
250,3
251,3
252,3
253,3
254,3
255,3
256,3
257,3
258,3
259,3
260,3
261,3
262,3
263,3
264,3
265,3
266,3
267,3
268,3
269,3
270,3
271,3
272,3
273,3
274,3
275,3
276,3
277,3
278,3
279,3
280,3
281,3
282,3
283,3
284,3
285,3
286,3
287,3
288,3
289,3
290,3
291,3
292,3
293,3
294,3
295,3
296,3
297,3
298,3
299,3
300,3
301,3
302,3
303,3
304,3
305,3
306,3
307,3
308,3
309,4
310,4
311,4
312,4
313,4
314,4
315,4
316,4
317,4
318,4
319,4
320,4
321,4
322,4
323,4
324,4
325,4
326,4
327,4
328,4
329,4
330,4
331,4
332,4
333,4
334,4
335,4
336,4
337,4
338,4
339,4
340,4
341,4
342,4
343,4
344,4
345,4
346,4
347,4
348,4
349,4
350,4
351,4
352,4
353,4
354,4
355,4
356,4
357,4
358,4
359,4
360,4
361,4
362,4
363,4
364,4
365,4
366,4
367,4
368,4
369,4
370,4
371,4
372,4
373,4
374,4
375,4
376,4
377,4
378,4
379,4
380,4
381,4
382,4
383,4
384,4
385,4
386,4
387,4
388,4
389,4
390,4
391,5
392,5
393,5
394,5
395,5
396,5
397,5
398,5
399,5
400,5
401,5
402,5
403,5
404,5
405,5
406,5
407,5
408,5
409,5
410,5
411,5
412,5
413,5
414,5
415,5
416,5
417,5
418,5
419,5
420,5
421,5
422,5
423,5
424,5
425,5
426,5
427,5
428,5
429,5
430,5
431,5
432,5
433,5
434,5
435,5
436,5
437,5
438,5
439,5
440,5
441,5
442,5
443,5
444,5
445,5
446,5
447,5
448,5
449,5
450,5
451,5
452,5
453,5
454,5
455,5
456,5
457,5
458,5
459,5
460,5
461,5
462,5
463,5
464,5
465,5
466,5
467,5
468,5
469,5
470,5
471,5
472,5
473,5
474,5
475,5
476,5
477,5
478,5
479,5
480,5
481,5
482,5
483,5
484,6
485,6
486,6
487,6
488,6
489,6
490,6
491,6
492,6
493,6
494,6
495,6
496,6
497,6
498,6
499,6
500,6
501,6
502,6
503,6
504,7
505,7
506,7
507,7
508,7
509,7
510,7
511,7
512,7
513,7
514,7
515,7
516,7
517,7
518,7
519,7
520,7
521,7
522,7
523,7
524,7
525,7
526,7
527,7
528,7
529,7
530,7
531,7
532,7
533,7
534,7
535,7
536,7
537,7
538,7
539,7
540,7
541,7
542,7
543,7
544,7
545,7
546,7
547,7
548,7
549,7
550,7
551,7
552,7
553,7
554,7
555,7
556,7
557,7
558,7
559,7
560,7
561,7
562,7
563,7
564,7
565,7
566,7
567,7
568,7
569,7
570,7
571,7
572,7
573,7
574,7
575,7
576,7
577,7
578,7
579,7
580,7
581,7
582,7
583,7
584,8
585,8
586,8
587,8
588,8
589,8
590,8
591,8
592,8
593,8
594,8
595,8
596,8
597,8
598,8
599,8
600,8
601,8
602,8
603,8
604,8
605,8
606,8
607,8
608,8
609,8
610,8
611,8
612,8
613,8
614,8
615,8
616,8
617,8
618,8
619,8
620,8
621,8
622,8
623,8
624,8
625,8
626,8
627,8
628,8
629,8
630,8
631,8
632,8
633,8
634,8
635,8
636,8
637,8
638,8
639,8
640,8
641,8
642,8
643,8
644,8
645,8
646,8
647,8
648,8
649,8
650,8
651,8
652,8
653,8
654,8
655,8
656,8
657,8
658,8
659,8
660,8
661,8
662,8
663,8
664,8
665,8
666,8
667,8
668,9
669,9
670,9
671,9
672,9
673,9
674,9
675,9
676,9
677,9
678,9
679,9
680,9
681,9
682,9
683,9
684,9
685,9
686,9
687,9
688,9
689,9
690,9
691,9
692,9
693,9
694,9
695,9
696,9
697,9
698,9
699,9
700,9
701,9
702,9
703,9
704,9
705,9
706,9
707,9
708,9
709,9
710,9
711,9
712,9
713,9
714,9
715,9
716,9
717,9
718,9
719,9
720,9
721,9
722,9
723,9
724,9
725,9
726,9
727,9
728,9
729,9
730,9
731,9
732,9
733,9
734,9
735,9
736,9
737,9
738,9
739,9
740,9
741,9
742,9
743,9
744,9
745,9
746,9
747,9
748,9
749,9
750,9
751,9
752,9
753,9
754,9
755,9
756,10
757,10
758,10
759,10
760,10
761,10
762,10
763,10
764,10
765,10
766,10
767,10
768,10
769,10
770,10
771,10
772,10
773,10
774,10
775,10
776,10
777,10
778,10
779,10
780,10
781,10
782,10
783,10
784,10
785,10
786,10
787,10
788,10
789,10
790,10
791,10
792,10
793,10
794,10
795,11
796,11
797,11
798,11
799,11
800,11
801,11
802,11
803,11
804,11
805,11
806,11
807,11
808,11
809,11
810,11
811,11
812,11
813,11
814,11
815,11
816,11
817,11
818,11
819,11
820,11
821,11
822,11
823,11
824,11
825,11
826,11
827,11
828,11
829,11
830,11
831,11
832,11
833,11
834,11
835,11
836,11
837,11
838,11
839,11
840,11
841,11
842,11
843,11
844,11
845,11
846,11
847,11
848,11
849,11
850,11
851,11
852,11
853,11
854,11
855,11
856,11
857,11
858,11
859,11
860,11
861,11
862,11
863,11
864,11
865,11
866,11
867,11
868,11
869,11
870,11
871,11
872,11
873,11
874,11
875,11
876,11
877,11
878,11
879,11
880,11
881,11
882,11
883,12
884,12
885,12
886,12
887,12
888,12
889,12
890,12
891,12
892,12
893,12
894,12
895,12
896,12
897,12
898,12
899,12
900,12
901,12
902,12
903,12
904,12
905,12
906,12
907,12
908,12
909,12
910,12
911,12
912,12
913,12
914,12
915,12
916,12
917,12
918,12
919,12
920,12
921,12
922,12
923,12
924,12
925,12
926,12
927,12
928,12
929,12
930,12
931,12
932,12
933,12
934,12
935,12
936,12
937,12
938,12
939,12
940,12
941,12
942,12
943,12
944,12
945,12
946,12
947,12
948,12
949,12
950,12
951,12
952,12
953,12
954,12
955,12
956,12
957,12
958,12
959,12
960,12
961,12
962,12
963,12
964,12
965,12
966,12
967,12
968,12
969,12
970,12
971,12
972,12
973,12
974,12
975,12
976,13
977,13
978,13
979,13
980,13
981,13
982,13
983,13
984,13
985,13
986,13
987,13
988,13
989,13
990,13
991,13
992,13
993,13
994,13
995,13
996,13
997,13
998,13
999,13
1000,13
1001,13
1002,13
1003,13
1004,13
1005,13
1006,13
1007,13
1008,13
1009,13
1010,13
1011,13
1012,13
1013,13
1014,13
1015,13
1016,13
1017,13
1018,13
1019,13
1020,13
1021,13
1022,13
1023,13
1024,13
1025,13
1026,13
1027,13
1028,13
1029,13
1030,13
1031,13
1032,13
1033,13
1034,13
1035,13
1036,13
1037,13
1038,13
1039,13
1040,13
1041,13
1042,13
1043,13
1044,13
1045,13
1046,13
1047,13
1048,13
1049,13
1050,13
1051,13
1052,13
1053,13
1054,13
1055,13
1056,14
1057,14
1058,14
1059,14
1060,14
1061,14
1062,14
1063,14
1064,14
1065,14
1066,14
1067,14
1068,14
1069,14
1070,14
1071,14
1072,14
1073,14
1074,14
1075,14
1076,14
1077,14
1078,14
1079,14
1080,14
1081,14
1082,14
1083,14
1084,14
1085,14
1086,14
1087,14
1088,14
1089,14
1090,14
1091,14
1092,14
1093,14
1094,14
1095,14
1096,14
1097,14
1098,14
1099,14
1100,14
1101,14
1102,14
1103,14
1104,14
1105,14
1106,14
1107,14
1108,14
1109,14
1110,14
1111,14
1112,14
1113,14
1114,14
1115,14
1116,14
1117,14
1118,14
1119,14
1120,14
1121,14
1122,14
1123,14
1124,14
1125,14
1126,14
1127,14
1128,14
1129,14
1130,14
1131,14
1132,14
1133,14
1134,14
1135,14
1136,14
1137,14
1138,14
1139,14
1140,14
1141,14
1142,14
1143,14
1144,14
1145,14
1146,14
1147,14
1148,14
1149,14
1150,14
1151,14
1152,15
1153,15
1154,15
1155,15
1156,15
1157,15
1158,15
1159,15
1160,15
1161,15
1162,15
1163,15
1164,15
1165,15
1166,15
1167,15
1168,15
1169,15
1170,15
1171,15
1172,15
1173,15
1174,15
1175,15
1176,15
1177,15
1178,15
1179,15
1180,15
1181,15
1182,15
1183,15
1184,15
1185,15
1186,15
1187,15
1188,15
1189,15
1190,15
1191,15
1192,15
1193,15
1194,15
1195,15
1196,15
1197,15
1198,15
1199,15
1200,15
1201,15
1202,15
1203,15
1204,15
1205,15
1206,15
1207,15
1208,15
1209,15
1210,15
1211,15
1212,15
1213,15
1214,15
1215,15
1216,15
1217,15
1218,15
1219,15
1220,15
1221,15
1222,15
1223,15
1224,15
1225,15
1226,15
1227,15
1228,15
1229,15
1230,15
1231,15
1232,15
1233,15
1234,15
1235,15
1236,15
1237,15
1238,15
1239,15
1240,15
1241,15
1242,15
1243,15
1244,15
1245,15
1246,16
1247,16
1248,16
1249,16
1250,16
1251,16
1252,16
1253,16
1254,16
1255,16
1256,16
1257,16
1258,16
1259,16
1260,16
1261,16
1262,16
1263,16
1264,16
1265,16
1266,16
1267,16
1268,16
1269,16
1270,16
1271,16
1272,16
1273,16
1274,16
1275,16
1276,16
1277,16
1278,16
1279,16
1280,16
1281,16
1282,16
1283,16
1284,16
1285,16
1286,16
1287,16
1288,16
1289,16
1290,16
1291,16
1292,16
1293,16
1294,16
1295,16
1296,16
1297,16
1298,16
1299,16
1300,16
1301,16
1302,16
1303,16
1304,16
1305,16
1306,16
1307,16
1308,16
1309,16
1310,16
1311,16
1312,16
1313,16
1314,16
1315,16
1316,16
1317,16
1318,16
1319,16
1320,16
1321,16
1322,16
1323,16
1324,16
1325,16
1326,16
1327,16
1328,16
1329,16
1330,16
1331,16
1332,16
1333,16
1334,16
1335,16
1336,16
1337,16
1338,16
1339,16
1340,16
1341,16
1342,16
1343,16
1344,16
1345,16
1346,16
1347,16
1348,16
1349,16
1350,16
1351,16
1352,16
1353,16
1354,16
1355,16
1356,16
1357,16
1358,16
1359,16
1360,16
1361,16
1362,16
1363,16
1364,16
1365,16
1366,16
1367,16
1368,16
1369,16
1370,16
1371,16
1372,16
1373,16
1374,16
1375,16
1376,16
1377,16
1378,16
1379,16
1380,16
1381,16
1382,16
1383,16
1384,16
1385,16
1386,16
1387,16
1388,16
1389,16
1390,16
1391,16
1392,16
1393,16
1394,16
1395,16
1396,16
1397,16
1398,16
1399,16
1400,16
1401,16
1402,16
1403,16
1404,16
1405,16
1406,16
1407,16
1408,16
1409,16
1410,16
1411,16
1412,16
1413,16
1414,16
1415,16
1416,16
1417,16
1418,16
1419,16
1420,16
1421,16
1422,16
1423,16
1424,16
1425,16
1426,16
1427,16
1428,16
1429,16
1430,16
1431,16
1432,16
1433,16
1434,16
1435,16
1436,16
1437,16
1438,16
1439,16
1440,16
1441,16
1442,16
1443,16
1444,16
1445,16
1446,16
1447,16
1448,16
1449,16
1450,16
1451,16
1452,16
1453,16
1454,16
1455,16
1456,16
1457,16
1458,16
1459,16
1460,16
1461,16
1462,16
1463,16
1464,16
1465,16
1466,16
1467,16
1468,16
1469,16
1470,16
1471,16
1472,16
1473,16
1474,16
1475,16
1476,16
1477,16
1478,16
1479,16
1480,16
1481,16
1482,16
1483,16
1484,16
1485,16
1486,16
1487,16
1488,16
1489,16
1490,16
1491,16
1492,16
1493,16
1494,16
1495,16
1496,16
1497,16
1498,16
1499,16
1500,16
1501,16
1502,16
1503,16
1504,16
1505,16
1506,16
1507,16
1508,16
1509,16
1510,16
1511,16
1512,16
1513,16
1514,16
1515,16
1516,16
1517,16
1518,16
1519,16
1520,16
1521,16
1522,16
1523,16
1524,16
1525,16
1526,16
1527,16
1528,16
1529,16
1530,16
1531,16
1532,16
1533,16
1534,16
1535,16
1536,16
1537,16
1538,16
1539,16
1540,16
1541,16
1542,16
1543,16
1544,16
1545,16
1546,16
1547,16
1548,16
1549,16
1550,16
1551,16
1552,16
1553,16
1554,16
1555,16
1556,16
1557,16
1558,16
1559,16
1560,16
1561,16
1562,16
1563,16
1564,16
1565,16
1566,16
1567,16
1568,16
1569,16
1570,16
1571,16
1572,16
1573,16
1574,16
1575,16
1576,16
1577,16
1578,16
1579,16
1580,16
1581,16
1582,16
1583,16
1584,16
1585,16
1586,16
1587,16
1588,16
1589,16
1590,16
1591,16
1592,16
1593,16
1594,16
1595,16
1596,16
1597,16
1598,16
1599,16
1600,16
1601,16
1602,16
1603,16
1604,16
1605,16
1606,16
1607,16
1608,16
1609,16
1610,16
1611,16
1612,16
1613,16
1614,16
1615,16
1616,16
1617,16
1618,16
1619,16
1620,16
1621,16
1622,16
1623,16
1624,16
1625,16
1626,16
1627,16
1628,16
1629,16
1630,16
1631,16
1632,16
1633,16
1634,16
1635,16
1636,16
1637,16
1638,16
1639,16
1640,16
1641,16
1642,16
1643,16
1644,16
1645,16
1646,17
1647,17
1648,17
1649,17
1650,17
1651,17
1652,17
1653,17
1654,17
1655,17
1656,17
1657,17
1658,17
1659,17
1660,17
1661,17
1662,17
1663,17
1664,17
1665,17
1666,17
1667,17
1668,17
1669,17
1670,17
1671,17
1672,17
1673,17
1674,17
1675,17
1676,17
1677,17
1678,17
1679,17
1680,17
1681,17
1682,17
1683,17
1684,17
1685,17
1686,17
1687,17
1688,17
1689,17
1690,17
1691,17
1692,17
1693,17
1694,17
1695,17
1696,17
1697,17
1698,17
1699,17
1700,17
1701,17
1702,17
1703,17
1704,17
1705,17
1706,17
1707,17
1708,17
1709,17
1710,17
1711,17
1712,17
1713,17
1714,17
1715,17
1716,17
1717,17
1718,17
1719,17
1720,17
1721,17
1722,17
1723,17
1724,17
1725,17
1726,17
1727,17
1728,17
1729,17
1730,17
1731,17
1732,17
1733,17
1734,17
1735,17
1736,17
1737,17
1738,17
1739,17
1740,17
1741,17
1742,17
1743,17
1744,18
1745,18
1746,18
1747,18
1748,18
1749,18
1750,18
1751,18
1752,18
1753,18
1754,18
1755,18
1756,18
1757,18
1758,18
1759,18
1760,18
1761,18
1762,18
1763,18
1764,18
1765,18
1766,18
1767,18
1768,18
1769,18
1770,18
1771,18
1772,18
1773,18
1774,18
1775,18
1776,18
1777,18
1778,18
1779,18
1780,18
1781,18
1782,18
1783,18
1784,18
1785,18
1786,18
1787,18
1788,18
1789,18
1790,18
1791,18
1792,18
1793,18
1794,18
1795,18
1796,18
1797,18
1798,18
1799,18
1800,18
1801,18
1802,18
1803,18
1804,18
1805,18
1806,18
1807,18
1808,18
1809,18
1810,18
1811,18
1812,18
1813,18
1814,18
1815,18
1816,18
1817,18
1818,18
1819,18
1820,18
1821,18
1822,18
1823,18
1824,18
1825,18
1826,18
1827,18
1828,18
1829,18
1830,18
1831,18
1832,18
1833,18
1834,18
1835,18
1836,18
1837,18
1838,19
1839,19
1840,19
1841,19
1842,19
1843,19
1844,19
1845,19
1846,19
1847,19
1848,19
1849,19
1850,19
1851,19
1852,19
1853,19
1854,19
1855,19
1856,19
1857,19
1858,19
1859,19
1860,19
1861,19
1862,19
1863,19
1864,19
1865,19
1866,19
1867,19
1868,19
1869,19
1870,19
1871,19
1872,19
1873,19
1874,19
1875,19
1876,19
1877,19
1878,19
1879,19
1880,19
1881,19
1882,19
1883,19
1884,19
1885,19
1886,19
1887,19
1888,19
1889,19
1890,19
1891,19
1892,19
1893,19
1894,19
1895,19
1896,19
1897,19
1898,19
1899,19
1900,19
1901,19
1902,19
1903,19
1904,19
1905,19
1906,19
1907,19
1908,19
1909,19
1910,19
1911,19
1912,19
1913,19
1914,19
1915,19
1916,19
1917,19
1918,19
1919,19
1920,19
1921,19
1922,19
1923,19
1924,19
1925,19
1926,19
1927,19
1928,19
1929,19
1930,19
1931,19
1932,19
1933,19
1934,19
1935,19
1936,19
1937,19
1938,19
1939,19
1940,19
1941,19
1942,19
1943,19
1944,19
1945,19
1946,19
1947,19
1948,19
1949,19
1950,19
1951,19
1952,19
1953,19
1954,19
1955,19
1956,19
1957,19
1958,19
1959,19
1960,19
1961,19
1962,19
1963,19
1964,19
1965,19
1966,19
1967,19
1968,19
1969,19
1970,19
1971,19
1972,19
1973,19
1974,19
1975,19
1976,19
1977,19
1978,19
1979,19
1980,19
1981,19
1982,19
1983,19
1984,19
1985,19
1986,19
1987,19
1988,19
1989,19
1990,19
1991,19
1992,19
1993,19
1994,19
1995,19
1996,19
1997,19
1998,19
1999,19
2000,19
2001,19
2002,19
2003,19
2004,19
2005,19
2006,19
2007,19
2008,19
2009,19
2010,19
2011,19
2012,19
2013,19
2014,19
2015,19
2016,19
2017,19
2018,19
2019,19
2020,19
2021,19
2022,19
2023,19
2024,19
2025,19
2026,19
2027,19
2028,19
2029,19
2030,19
2031,19
2032,19
2033,19
2034,19
2035,19
2036,19
2037,19
2038,19
2039,19
2040,19
2041,19
2042,19
2043,19
2044,19
2045,19
2046,19
2047,19
2048,19
2049,19
2050,19
2051,19
2052,19
2053,19
2054,19
2055,19
2056,19
2057,19
2058,19
2059,19
2060,19
2061,19
2062,19
2063,19
2064,19
2065,19
2066,19
2067,19
2068,19
2069,19
2070,19
2071,19
2072,19
2073,19
2074,19
2075,19
2076,19
2077,19
2078,19
2079,19
2080,19
2081,19
2082,19
2083,19
2084,19
2085,19
2086,19
2087,19
2088,19
2089,19
2090,19
2091,19
2092,19
2093,19
2094,19
2095,19
2096,19
2097,19
2098,19
2099,19
2100,19
2101,19
2102,19
2103,19
2104,19
2105,19
2106,19
2107,19
2108,19
2109,19
2110,19
2111,19
2112,19
2113,19
2114,19
2115,19
2116,19
2117,19
2118,19
2119,19
2120,19
2121,19
2122,19
2123,19
2124,19
2125,19
2126,19
2127,19
2128,19
2129,19
2130,19
2131,19
2132,19
2133,19
2134,19
2135,19
2136,19
2137,19
2138,19
2139,19
2140,19
2141,19
2142,19
2143,19
2144,19
2145,19
2146,19
2147,19
2148,19
2149,19
2150,19
2151,19
2152,19
2153,19
2154,19
2155,19
2156,19
2157,19
2158,19
2159,19
2160,19
2161,19
2162,19
2163,19
2164,19
2165,19
2166,19
2167,19
2168,19
2169,19
2170,19
2171,19
2172,19
2173,19
2174,19
2175,19
2176,19
2177,19
2178,19
2179,19
2180,19
2181,19
2182,19
2183,19
2184,19
2185,19
2186,19
2187,19
2188,19
2189,19
2190,19
2191,19
2192,19
2193,19
2194,19
2195,19
2196,19
2197,19
2198,19
2199,19
2200,19
2201,19
2202,19
2203,19
2204,19
2205,19
2206,19
2207,19
2208,19
2209,19
2210,19
2211,19
2212,19
2213,19
2214,19
2215,19
2216,19
2217,19
2218,19
2219,19
2220,19
2221,19
2222,19
2223,19
2224,19
2225,19
2226,19
2227,19
2228,19
2229,19
2230,19
2231,19
2232,19
2233,19
2234,19
2235,19
2236,19
2237,19
2238,19
2239,19
2240,19
2241,19
2242,19
2243,19
2244,19
2245,19
2246,19
2247,19
2248,19
2249,20
2250,20
2251,20
2252,20
2253,20
2254,20
2255,20
2256,20
2257,20
2258,20
2259,20
2260,20
2261,20
2262,20
2263,20
2264,20
2265,20
2266,20
2267,20
2268,20
2269,20
2270,20
2271,20
2272,20
2273,20
2274,20
2275,20
2276,20
2277,20
2278,20
2279,20
2280,20
2281,20
2282,20
2283,20
2284,20
2285,20
2286,20
2287,20
2288,20
2289,20
2290,20
2291,20
2292,20
2293,20
2294,20
2295,20
2296,20
2297,20
2298,20
2299,20
2300,20
2301,20
2302,20
2303,20
2304,20
2305,20
2306,20
2307,20
2308,20
2309,20
2310,20
2311,20
2312,20
2313,20
2314,20
2315,20
2316,20
2317,20
2318,20
2319,20
2320,20
2321,20
2322,20
2323,20
2324,20
2325,20
2326,20
2327,20
2328,20
2329,20
2330,20
2331,20
2332,20
2333,20
2334,20
2335,20
2336,20
2337,20
2338,20
2339,20
2340,20
2341,20
2342,20
2343,20
2344,20
2345,20
2346,20
2347,20
2348,20
2349,20
2350,20
2351,20
2352,20
2353,20
2354,20
2355,20
2356,20
2357,20
2358,20
2359,20
2360,20
2361,20
2362,20
2363,20
2364,20
2365,20
2366,20
2367,20
2368,20
2369,20
2370,20
2371,20
2372,20
2373,20
2374,20
2375,20
2376,20
2377,20
2378,20
2379,20
2380,20
2381,20
2382,20
2383,20
2384,20
2385,20
2386,20
2387,20
2388,20
2389,20
2390,20
2391,20
2392,20
2393,20
2394,20
2395,20
2396,20
2397,20
2398,20
2399,20
2400,20
2401,20
2402,20
2403,20
2404,20
2405,20
2406,20
2407,20
2408,20
2409,20
2410,20
2411,20
2412,20
2413,20
2414,20
2415,20
2416,20
2417,20
2418,20
2419,20
2420,20
2421,20
2422,20
2423,20
2424,20
2425,20
2426,20
2427,20
2428,20
2429,20
2430,20
2431,20
2432,20
2433,20
2434,20
2435,20
2436,20
2437,20
2438,20
2439,20
2440,20
2441,20
2442,20
2443,20
2444,20
2445,20
2446,20
2447,20
2448,20
2449,20
2450,20
2451,20
2452,20
2453,20
2454,20
2455,20
2456,20
2457,20
2458,20
2459,20
2460,20
2461,20
2462,20
2463,20
2464,20
2465,20
2466,20
2467,20
2468,20
2469,20
2470,20
2471,20
2472,20
2473,20
2474,20
2475,20
2476,20
2477,20
2478,20
2479,20
2480,20
2481,20
2482,20
2483,21
2484,21
2485,21
2486,21
2487,21
2488,21
2489,21
2490,21
2491,21
2492,21
2493,21
2494,21
2495,21
2496,21
2497,21
2498,21
2499,21
2500,21
2501,21
2502,21
2503,21
2504,21
2505,21
2506,21
2507,21
2508,21
2509,21
2510,21
2511,21
2512,21
2513,21
2514,21
2515,21
2516,21
2517,21
2518,21
2519,21
2520,21
2521,21
2522,21
2523,21
2524,21
2525,21
2526,21
2527,21
2528,21
2529,21
2530,21
2531,22
2532,22
2533,22
2534,22
2535,22
2536,22
2537,22
2538,22
2539,22
2540,22
2541,22
2542,22
2543,22
2544,22
2545,22
2546,22
2547,22
2548,22
2549,22
2550,22
2551,22
2552,22
2553,22
2554,22
2555,22
2556,22
2557,22
2558,22
2559,22
2560,22
2561,22
2562,22
2563,22
2564,22
2565,23
2566,23
2567,23
2568,23
2569,23
2570,23
2571,23
2572,23
2573,23
2574,23
2575,23
2576,23
2577,23
2578,23
2579,23
2580,23
2581,23
2582,23
2583,23
2584,23
2585,23
2586,23
2587,23
2588,23
2589,23
2590,23
2591,23
2592,23
2593,23
2594,23
2595,23
2596,23
2597,23
2598,23
2599,23
2600,23
2601,23
2602,23
2603,23
2604,23
2605,23
2606,23
2607,23
2608,23
2609,23
2610,23
2611,23
2612,23
2613,23
2614,23
2615,23
2616,23
2617,23
2618,23
2619,23
2620,23
2621,23
2622,23
2623,23
2624,23
2625,23
2626,23
2627,23
2628,23
2629,23
2630,23
2631,23
2632,23
2633,23
2634,23
2635,23
2636,23
2637,23
2638,23
2639,23
2640,23
2641,23
2642,23
2643,23
2644,23
2645,23
2646,23
2647,23
2648,23
2649,23
2650,23
2651,23
2652,23
2653,23
2654,23
2655,23
2656,23
2657,23
2658,23
2659,23
2660,23
2661,23
2662,23
2663,23
2664,23
2665,23
2666,23
2667,23
2668,23
2669,23
2670,23
2671,23
2672,23
2673,23
2674,23
2675,23
2676,23
2677,23
2678,23
2679,23
2680,23
2681,23
2682,23
2683,23
2684,23
2685,24
2686,24
2687,24
2688,24
2689,24
2690,24
2691,24
2692,24
2693,24
2694,24
2695,24
2696,24
2697,24
2698,24
2699,24
2700,24
2701,24
2702,24
2703,24
2704,24
2705,24
2706,24
2707,24
2708,24
2709,24
2710,24
2711,24
2712,24
2713,24
2714,24
2715,24
2716,24
2717,24
2718,24
2719,24
2720,24
2721,24
2722,24
2723,24
2724,24
2725,24
2726,24
2727,24
2728,24
2729,24
2730,24
2731,24
2732,24
2733,24
2734,24
2735,24
2736,24
2737,24
2738,24
2739,24
2740,24
2741,24
2742,24
2743,24
2744,24
2745,24
2746,24
2747,24
2748,24
2749,24
2750,24
2751,24
2752,24
2753,24
2754,24
2755,24
2756,24
2757,24
2758,24
2759,24
2760,24
2761,24
2762,24
2763,24
2764,24
2765,24
2766,24
2767,24
2768,24
2769,24
2770,24
2771,24
2772,24
2773,24
2774,24
2775,24
2776,24
2777,24
2778,24
2779,24
2780,24
2781,24
2782,24
2783,24
2784,24
2785,24
2786,24
2787,24
2788,24
2789,24
2790,24
2791,24
2792,24
2793,24
2794,24
2795,24
2796,24
2797,24
2798,24
2799,24
2800,24
2801,24
2802,24
2803,24
2804,24
2805,24
2806,24
2807,24
2808,24
2809,24
2810,24
2811,24
2812,24
2813,24
2814,24
2815,24
2816,24
2817,24
2818,24
2819,24
2820,24
2821,24
2822,24
2823,24
2824,24
2825,24
2826,24
2827,24
2828,24
2829,24
2830,24
2831,24
2832,24
2833,24
2834,24
2835,24
2836,24
2837,24
2838,24
2839,24
2840,24
2841,24
2842,24
2843,24
2844,24
2845,24
2846,24
2847,24
2848,24
2849,24
2850,24
2851,24
2852,24
2853,24
2854,24
2855,24
2856,24
2857,24
2858,24
2859,24
2860,24
2861,24
2862,24
2863,24
2864,24
2865,24
2866,24
2867,24
2868,24
2869,24
2870,24
2871,24
2872,24
2873,24
2874,24
2875,24
2876,24
2877,24
2878,24
2879,24
2880,24
2881,24
2882,24
2883,24
2884,24
2885,24
2886,24
2887,24
2888,24
2889,24
2890,24
2891,24
2892,24
2893,24
2894,24
2895,24
2896,24
2897,24
2898,24
2899,24
2900,24
2901,24
2902,24
2903,24
2904,24
2905,24
2906,24
2907,24
2908,24
2909,24
2910,24
2911,24
2912,24
2913,24
2914,25
2915,25
2916,25
2917,25
2918,25
2919,25
2920,25
2921,25
2922,25
2923,25
2924,25
2925,25
2926,25
2927,25
2928,25
2929,25
2930,25
2931,25
2932,25
2933,25
2934,25
2935,25
2936,25
2937,25
2938,25
2939,25
2940,25
2941,25
2942,25
2943,25
2944,25
2945,25
2946,25
2947,25
2948,25
2949,25
2950,25
2951,25
2952,25
2953,25
2954,25
2955,25
2956,25
2957,25
2958,25
2959,25
2960,25
2961,25
2962,25
2963,25
2964,25
2965,25
2966,25
2967,25
2968,25
2969,25
2970,25
2971,25
2972,25
2973,25
2974,25
2975,25
2976,25
2977,25
2978,25
2979,25
2980,25
2981,25
2982,25
2983,25
2984,25
2985,25
2986,25
2987,25
2988,25
2989,25
2990,25
2991,25
2992,25
2993,25
2994,25
2995,25
2996,25
2997,25
2998,25
2999,25
3000,25
3001,25
3002,26
3003,26
3004,26
3005,26
3006,26
3007,26
3008,26
3009,26
3010,26
3011,26
3012,26
3013,26
3014,26
3015,26
3016,26
3017,26
3018,26
3019,26
3020,26
3021,26
3022,26
3023,26
3024,26
3025,26
3026,26
3027,26
3028,26
3029,26
3030,26
3031,26
3032,26
3033,27
3034,27
3035,27
3036,27
3037,27
3038,27
3039,27
3040,27
3041,27
3042,27
3043,27
3044,27
3045,27
3046,27
3047,27
3048,27
3049,27
3050,27
3051,27
3052,27
3053,27
3054,27
3055,27
3056,27
3057,27
3058,27
3059,27
3060,27
3061,27
3062,27
3063,27
3064,27
3065,27
3066,27
3067,27
3068,27
3069,27
3070,27
3071,27
3072,27
3073,27
3074,27
3075,27
3076,27
3077,27
3078,27
3079,27
3080,27
3081,27
3082,27
3083,27
3084,27
3085,27
3086,27
3087,27
3088,27
3089,27
3090,27
3091,27
3092,27
3093,27
3094,27
3095,27
3096,27
3097,27
3098,27
3099,27
3100,27
3101,27
3102,27
3103,27
3104,27
3105,27
3106,27
3107,27
3108,27
3109,27
3110,27
3111,27
3112,27
3113,27
3114,27
3115,27
3116,27
3117,27
3118,27
3119,27
3120,27
3121,27
3122,27
3123,27
3124,27
3125,27
3126,27
3127,27
3128,27
3129,27
3130,28
3131,28
3132,28
3133,28
3134,28
3135,28
3136,28
3137,28
3138,28
3139,28
3140,28
3141,28
3142,28
3143,28
3144,28
3145,28
3146,28
3147,28
3148,28
3149,28
3150,28
3151,28
3152,28
3153,28
3154,28
3155,28
3156,28
3157,28
3158,28
3159,28
3160,28
3161,28
3162,28
3163,28
3164,28
3165,28
3166,28
3167,28
3168,28
3169,28
3170,28
3171,28
3172,28
3173,28
3174,28
3175,28
3176,28
3177,28
3178,28
3179,28
3180,28
3181,28
3182,28
3183,28
3184,28
3185,28
3186,28
3187,28
3188,28
3189,28
3190,28
3191,28
3192,28
3193,28
3194,28
3195,28
3196,28
3197,28
3198,28
3199,28
3200,28
3201,28
3202,28
3203,28
3204,28
3205,28
3206,28
3207,28
3208,28
3209,28
3210,28
3211,28
3212,28
3213,28
3214,28
3215,28
3216,28
3217,28
3218,28
3219,28
3220,28
3221,28
3222,28
3223,28
3224,28
3225,28
3226,28
3227,28
3228,28
3229,28
3230,28
3231,28
3232,28
3233,28
3234,28
3235,28
3236,28
3237,28
3238,28
3239,28
3240,28
3241,28
3242,28
3243,28
3244,28
3245,28
3246,28
3247,28
3248,28
3249,28
3250,28
3251,28
3252,28
3253,28
3254,28
3255,28
3256,28
3257,28
3258,28
3259,28
3260,28
3261,28
3262,28
3263,28
3264,28
3265,28
3266,28
3267,28
3268,28
3269,28
3270,28
3271,28
3272,28
3273,28
3274,28
3275,28
3276,28
3277,28
3278,28
3279,28
3280,28
3281,28
3282,28
3283,28
3284,28
3285,28
3286,28
3287,28
3288,28
3289,28
3290,29
3291,29
3292,29
3293,29
3294,29
3295,29
3296,29
3297,29
3298,29
3299,29
3300,29
3301,29
3302,29
3303,29
3304,29
3305,29
3306,29
3307,29
3308,29
3309,29
3310,29
3311,29
3312,29
3313,29
3314,29
3315,29
3316,29
3317,29
3318,29
3319,29
3320,29
3321,29
3322,29
3323,29
3324,29
3325,29
3326,29
3327,29
3328,29
3329,29
3330,29
3331,30
3332,30
3333,30
3334,30
3335,30
3336,30
3337,30
3338,30
3339,30
3340,30
3341,30
3342,30
3343,30
3344,30
3345,30
3346,30
3347,30
3348,30
3349,30
3350,30
3351,30
3352,30
3353,30
3354,30
3355,30
3356,30
3357,30
3358,30
3359,30
3360,30
3361,30
3362,30
3363,30
3364,30
3365,30
3366,30
3367,30
3368,30
3369,30
3370,30
3371,30
3372,30
3373,30
3374,30
3375,30
3376,30
3377,30
3378,30
3379,30
3380,30
3381,30
3382,30
3383,30
3384,30
3385,30
3386,31
3387,31
3388,31
3389,31
3390,31
3391,31
3392,31
3393,31
3394,31
3395,31
3396,31
3397,31
3398,31
3399,31
3400,31
3401,31
3402,31
3403,31
3404,31
3405,31
3406,31
3407,31
3408,31
3409,31
3410,31
3411,31
3412,31
3413,31
3414,31
3415,31
3416,31
3417,31
3418,31
3419,31
3420,31
3421,31
3422,31
3423,31
3424,31
3425,31
3426,31
3427,31
3428,31
3429,31
3430,31
3431,31
3432,31
3433,31
3434,31
3435,31
3436,31
3437,31
3438,31
3439,31
3440,31
3441,32
3442,32
3443,32
3444,32
3445,32
3446,32
3447,32
3448,32
3449,32
3450,32
3451,32
3452,32
3453,32
3454,32
3455,32
3456,32
3457,32
3458,32
3459,32
3460,32
3461,32
3462,32
3463,32
3464,32
3465,32
3466,32
3467,32
3468,32
3469,32
3470,32
3471,32
3472,32
3473,32
3474,32
3475,32
3476,32
3477,32
3478,32
3479,32
3480,32
3481,32
3482,32
3483,32
3484,32
3485,32
3486,32
3487,32
3488,32
3489,32
3490,32
3491,32
3492,32
3493,32
3494,32
3495,32
3496,32
3497,32
3498,32
3499,32
3500,32
3501,32
3502,32
3503,32
3504,32
3505,32
3506,32
3507,32
3508,32
3509,32
3510,32
3511,32
3512,32
3513,32
3514,32
3515,32
3516,33
3517,33
3518,33
3519,33
3520,33
3521,33
3522,33
3523,33
3524,33
3525,33
3526,33
3527,33
3528,33
3529,33
3530,33
3531,33
3532,33
3533,33
3534,33
3535,33
3536,33
3537,33
3538,33
3539,33
3540,33
3541,33
3542,33
3543,33
3544,33
3545,33
3546,33
3547,33
3548,33
3549,33
3550,33
3551,33
3552,33
3553,33
3554,33
3555,33
3556,33
3557,33
3558,33
3559,33
3560,33
3561,33
3562,33
3563,33
3564,33
3565,33
3566,33
3567,33
3568,33
3569,33
3570,33
3571,33
3572,33
3573,33
3574,33
3575,33
3576,33
3577,33
3578,33
3579,33
3580,33
3581,33
3582,33
3583,33
3584,33
3585,33
3586,33
3587,33
3588,33
3589,33
3590,33
3591,33
3592,33
3593,33
3594,33
3595,33
3596,33
3597,33
3598,33
3599,33
3600,33
3601,33
3602,33
3603,33
3604,33
3605,33
3606,33
3607,33
3608,33
3609,33
3610,33
3611,33
3612,33
3613,33
3614,33
3615,33
3616,33
3617,33
3618,33
3619,33
3620,33
3621,33
3622,33
3623,33
3624,33
3625,33
3626,33
3627,33
3628,33
3629,33
3630,33
3631,33
3632,33
3633,33
3634,33
3635,33
3636,33
3637,33
3638,33
3639,33
3640,33
3641,33
3642,33
3643,33
3644,33
3645,33
3646,33
3647,33
3648,33
3649,33
3650,33
3651,33
3652,33
3653,33
3654,33
3655,33
3656,33
3657,33
3658,33
3659,33
3660,33
3661,33
3662,33
3663,33
3664,33
3665,33
3666,33
3667,33
3668,33
3669,33
3670,33
3671,33
3672,33
3673,33
3674,33
3675,33
3676,33
3677,33
3678,33
3679,33
3680,33
3681,33
3682,33
3683,33
3684,33
3685,33
3686,33
3687,33
3688,33
3689,33
3690,33
3691,33
3692,33
3693,33
3694,33
3695,33
3696,33
3697,33
3698,33
3699,33
3700,33
3701,33
3702,33
3703,33
3704,33
3705,33
3706,33
3707,33
3708,33
3709,33
3710,33
3711,33
3712,33
3713,33
3714,33
3715,33
3716,33
3717,33
3718,33
3719,33
3720,33
3721,33
3722,33
3723,33
3724,33
3725,33
3726,33
3727,33
3728,33
3729,33
3730,33
3731,33
3732,33
3733,33
3734,33
3735,33
3736,33
3737,33
3738,33
3739,33
3740,33
3741,33
3742,33
3743,33
3744,33
3745,33
3746,33
3747,33
3748,33
3749,33
3750,33
3751,33
3752,33
3753,33
3754,33
3755,33
3756,33
3757,33
3758,33
3759,33
3760,33
3761,33
3762,33
3763,33
3764,33
3765,34
3766,34
3767,34
3768,34
3769,34
3770,34
3771,34
3772,34
3773,34
3774,34
3775,34
3776,34
3777,34
3778,34
3779,34
3780,34
3781,34
3782,34
3783,34
3784,34
3785,34
3786,34
3787,34
3788,34
3789,34
3790,34
3791,34
3792,34
3793,34
3794,34
3795,34
3796,34
3797,34
3798,34
3799,34
3800,34
3801,34
3802,34
3803,34
3804,34
3805,34
3806,34
3807,34
3808,34
3809,34
3810,34
3811,34
3812,34
3813,34
3814,34
3815,34
3816,34
3817,35
3818,35
3819,35
3820,35
3821,35
3822,35
3823,35
3824,35
3825,35
3826,35
3827,35
3828,35
3829,35
3830,35
3831,35
3832,35
3833,35
3834,35
3835,35
3836,35
3837,35
3838,35
3839,35
3840,35
3841,35
3842,35
3843,35
3844,35
3845,35
3846,35
3847,35
3848,35
3849,35
3850,35
3851,35
3852,35
3853,35
3854,35
3855,35
3856,35
3857,35
3858,35
3859,35
3860,35
3861,35
3862,35
3863,35
3864,35
3865,35
3866,35
3867,35
3868,35
3869,35
3870,35
3871,35
3872,35
3873,35
3874,35
3875,35
3876,35
3877,35
3878,35
3879,35
3880,35
3881,35
3882,35
3883,35
3884,35
3885,35
3886,35
3887,35
3888,35
3889,35
3890,35
3891,35
3892,35
3893,35
3894,35
3895,35
3896,35
3897,35
3898,35
3899,35
3900,35
3901,35
3902,35
3903,35
3904,35
3905,35
3906,35
3907,35
3908,35
3909,35
3910,35
3911,35
3912,35
3913,35
3914,35
3915,36
3916,36
3917,36
3918,36
3919,36
3920,36
3921,36
3922,36
3923,36
3924,36
3925,36
3926,36
3927,36
3928,36
3929,36
3930,36
3931,36
3932,36
3933,36
3934,36
3935,36
3936,36
3937,36
3938,36
3939,36
3940,36
3941,36
3942,36
3943,36
3944,36
3945,36
3946,36
3947,36
3948,36
3949,36
3950,36
3951,36
3952,36
3953,36
3954,36
3955,36
3956,36
3957,36
3958,36
3959,36
3960,36
3961,36
3962,36
3963,36
3964,36
3965,36
3966,36
3967,36
3968,36
3969,36
3970,36
3971,36
3972,36
3973,36
3974,36
3975,36
3976,36
3977,36
3978,36
3979,36
3980,36
3981,36
3982,36
3983,36
3984,36
3985,36
3986,36
3987,36
3988,36
3989,36
3990,36
3991,36
3992,36
3993,36
3994,36
3995,36
3996,36
3997,36
3998,36
3999,36
4000,36
4001,36
4002,36
4003,36
4004,36
4005,37
4006,37
4007,37
4008,37
4009,37
4010,37
4011,37
4012,37
4013,37
4014,37
4015,37
4016,37
4017,37
4018,37
4019,37
4020,37
4021,37
4022,37
4023,37
4024,37
4025,37
4026,37
4027,37
4028,37
4029,37
4030,37
4031,37
4032,37
4033,37
4034,37
4035,37
4036,37
4037,37
4038,37
4039,37
4040,37
4041,37
4042,37
4043,37
4044,37
4045,37
4046,37
4047,37
4048,37
4049,37
4050,37
4051,38
4052,38
4053,38
4054,38
4055,38
4056,38
4057,38
4058,38
4059,38
4060,38
4061,38
4062,38
4063,38
4064,38
4065,38
4066,38
4067,38
4068,38
4069,38
4070,38
4071,38
4072,38
4073,38
4074,38
4075,38
4076,38
4077,38
4078,38
4079,38
4080,38
4081,38
4082,38
4083,38
4084,38
4085,38
4086,38
4087,38
4088,38
4089,38
4090,38
4091,38
4092,38
4093,38
4094,38
4095,38
4096,38
4097,38
4098,38
4099,38
4100,38
4101,38
4102,38
4103,38
4104,38
4105,38
4106,38
4107,38
4108,38
4109,38
4110,38
4111,38
4112,38
4113,38
4114,38
4115,38
4116,38
4117,38
4118,38
4119,38
4120,38
4121,38
4122,38
4123,38
4124,38
4125,38
4126,38
4127,38
4128,38
4129,38
4130,38
4131,38
4132,38
4133,38
4134,38
4135,38
4136,38
4137,38
4138,38
4139,38
4140,38
4141,38
4142,38
4143,38
4144,38
4145,38
4146,38
4147,38
4148,38
4149,38
4150,38
4151,38
4152,38
4153,38
4154,38
4155,38
4156,38
4157,38
4158,38
4159,38
4160,38
4161,38
4162,38
4163,38
4164,38
4165,38
4166,38
4167,38
4168,38
4169,38
4170,38
4171,38
4172,38
4173,38
4174,38
4175,38
4176,38
4177,38
4178,38
4179,38
4180,38
4181,38
4182,38
4183,38
4184,38
4185,38
4186,38
4187,38
4188,38
4189,38
4190,38
4191,38
4192,38
4193,38
4194,38
4195,38
4196,38
4197,38
4198,38
4199,38
4200,38
4201,38
4202,38
4203,38
4204,38
4205,38
4206,38
4207,38
4208,38
4209,38
4210,38
4211,38
4212,38
4213,38
4214,38
4215,38
4216,38
4217,38
4218,38
4219,38
4220,38
4221,38
4222,38
4223,38
4224,38
4225,38
4226,38
4227,38
4228,38
4229,38
4230,38
4231,38
4232,38
4233,38
4234,38
4235,38
4236,38
4237,38
4238,38
4239,38
4240,38
4241,38
4242,38
4243,38
4244,38
4245,38
4246,38
4247,39
4248,39
4249,39
4250,39
4251,39
4252,39
4253,39
4254,39
4255,39
4256,39
4257,39
4258,39
4259,39
4260,39
4261,39
4262,39
4263,39
4264,39
4265,39
4266,39
4267,39
4268,39
4269,39
4270,39
4271,39
4272,39
4273,39
4274,40
4275,40
4276,40
4277,40
4278,40
4279,40
4280,40
4281,40
4282,40
4283,40
4284,40
4285,40
4286,40
4287,40
4288,40
4289,40
4290,40
4291,40
4292,40
4293,40
4294,40
4295,40
4296,40
4297,40
4298,40
4299,40
4300,40
4301,40
4302,40
4303,40
4304,40
4305,40
4306,40
4307,40
4308,40
4309,40
4310,40
4311,40
4312,40
4313,40
4314,40
4315,40
4316,40
4317,41
4318,41
4319,41
4320,41
4321,41
4322,41
4323,41
4324,41
4325,41
4326,41
4327,41
4328,41
4329,41
4330,41
4331,41
4332,41
4333,41
4334,41
4335,41
4336,41
4337,41
4338,41
4339,41
4340,41
4341,41
4342,41
4343,41
4344,41
4345,41
4346,41
4347,41
4348,41
4349,41
4350,41
4351,41
4352,41
4353,41
4354,41
4355,41
4356,41
4357,41
4358,41
4359,41
4360,41
4361,41
4362,41
4363,41
4364,41
4365,41
4366,41
4367,41
4368,41
4369,41
4370,41
4371,41
4372,41
4373,41
4374,41
4375,41
4376,41
4377,41
4378,41
4379,41
4380,41
4381,41
4382,41
4383,41
4384,41
4385,41
4386,41
4387,41
4388,41
4389,41
4390,41
4391,41
4392,41
4393,41
4394,41
4395,41
4396,41
4397,41
4398,41
4399,41
4400,41
4401,41
4402,41
4403,41
4404,41
4405,41
4406,41
4407,41
4408,41
4409,41
4410,41
4411,41
4412,41
4413,41
4414,41
4415,41
4416,41
4417,41
4418,41
4419,41
4420,41
4421,41
4422,41
4423,41
4424,41
4425,41
4426,41
4427,41
4428,41
4429,41
4430,41
4431,41
4432,41
4433,41
4434,41
4435,41
4436,41
4437,41
4438,41
4439,41
4440,41
4441,41
4442,41
4443,41
4444,41
4445,41
4446,41
4447,41
4448,41
4449,41
4450,41
4451,41
4452,41
4453,41
4454,41
4455,41
4456,41
4457,41
4458,41
4459,41
4460,41
4461,41
4462,41
4463,41
4464,41
4465,41
4466,41
4467,41
4468,41
4469,41
4470,41
4471,41
4472,41
4473,41
4474,41
4475,41
4476,41
4477,41
4478,41
4479,41
4480,41
4481,41
4482,41
4483,41
4484,41
4485,41
4486,41
4487,41
4488,41
4489,41
4490,41
4491,41
4492,41
4493,41
4494,41
4495,41
4496,41
4497,41
4498,41
4499,41
4500,41
4501,41
4502,41
4503,41
4504,41
4505,41
4506,41
4507,41
4508,41
4509,41
4510,41
4511,41
4512,41
4513,41
4514,41
4515,41
4516,41
4517,41
4518,41
4519,41
4520,41
4521,41
4522,41
4523,41
4524,41
4525,41
4526,41
4527,41
4528,41
4529,41
4530,41
4531,41
4532,41
4533,41
4534,41
4535,41
4536,41
4537,41
4538,41
4539,41
4540,41
4541,41
4542,41
4543,41
4544,41
4545,41
4546,41
4547,41
4548,41
4549,41
4550,41
4551,41
4552,41
4553,41
4554,41
4555,41
4556,41
4557,41
4558,41
4559,41
4560,41
4561,41
4562,41
4563,41
4564,41
4565,41
4566,41
4567,41
4568,41
4569,41
4570,41
4571,41
4572,41
4573,41
4574,41
4575,41
4576,41
4577,41
4578,41
4579,41
4580,41
4581,41
4582,41
4583,41
4584,41
4585,41
4586,41
4587,41
4588,41
4589,41
4590,41
4591,41
4592,41
4593,41
4594,41
4595,41
4596,41
4597,41
4598,41
4599,41
4600,41
4601,41
4602,41
4603,41
4604,41
4605,41
4606,41
4607,41
4608,41
4609,41
4610,41
4611,41
4612,41
4613,41
4614,41
4615,41
4616,41
4617,41
4618,41
4619,41
4620,41
4621,41
4622,41
4623,41
4624,41
4625,41
4626,41
4627,41
4628,41
4629,41
4630,41
4631,41
4632,41
4633,41
4634,41
4635,41
4636,41
4637,41
4638,41
4639,41
4640,41
4641,41
4642,41
4643,41
4644,41
4645,41
4646,41
4647,41
4648,41
4649,41
4650,41
4651,41
4652,41
4653,41
4654,41
4655,41
4656,41
4657,41
4658,41
4659,41
4660,41
4661,41
4662,41
4663,41
4664,41
4665,41
4666,41
4667,41
4668,41
4669,41
4670,41
4671,41
4672,41
4673,41
4674,41
4675,41
4676,41
4677,41
4678,41
4679,41
4680,41
4681,41
4682,41
4683,41
4684,41
4685,41
4686,41
4687,41
4688,41
4689,41
4690,41
4691,41
4692,41
4693,41
4694,41
4695,41
4696,41
4697,41
4698,41
4699,41
4700,41
4701,41
4702,41
4703,41
4704,41
4705,41
4706,41
4707,41
4708,41
4709,41
4710,41
4711,41
4712,41
4713,41
4714,41
4715,41
4716,41
4717,42
4718,42
4719,42
4720,42
4721,42
4722,42
4723,42
4724,42
4725,42
4726,42
4727,42
4728,42
4729,42
4730,42
4731,42
4732,42
4733,42
4734,42
4735,42
4736,42
4737,42
4738,42
4739,42
4740,42
4741,42
4742,42
4743,42
4744,42
4745,42
4746,43
4747,43
4748,43
4749,43
4750,43
4751,43
4752,43
4753,43
4754,43
4755,43
4756,43
4757,43
4758,43
4759,43
4760,43
4761,43
4762,43
4763,43
4764,43
4765,43
4766,43
4767,43
4768,43
4769,43
4770,43
4771,43
4772,43
4773,43
4774,43
4775,43
4776,43
4777,43
4778,43
4779,43
4780,43
4781,43
4782,43
4783,43
4784,43
4785,43
4786,43
4787,43
4788,43
4789,43
4790,43
4791,43
4792,43
4793,43
4794,43
4795,43
4796,43
4797,43
4798,43
4799,43
4800,43
4801,43
4802,43
4803,43
4804,43
4805,43
4806,43
4807,43
4808,43
4809,43
4810,43
4811,43
4812,43
4813,43
4814,44
4815,44
4816,44
4817,44
4818,44
4819,44
4820,44
4821,44
4822,44
4823,44
4824,44
4825,44
4826,44
4827,44
4828,44
4829,44
4830,44
4831,44
4832,44
4833,44
4834,44
4835,44
4836,44
4837,44
4838,44
4839,44
4840,44
4841,44
4842,44
4843,44
4844,44
4845,44
4846,44
4847,44
4848,44
4849,44
4850,44
4851,44
4852,44
4853,44
4854,44
4855,44
4856,44
4857,44
4858,44
4859,44
4860,44
4861,44
4862,44
4863,44
4864,44
4865,44
4866,44
4867,44
4868,44
4869,44
4870,44
4871,44
4872,44
4873,44
4874,44
4875,44
4876,44
4877,44
4878,44
4879,44
4880,44
4881,44
4882,44
4883,44
4884,44
4885,44
4886,44
4887,44
4888,44
4889,44
4890,44
4891,44
4892,44
4893,44
4894,45
4895,45
4896,45
4897,45
4898,45
4899,45
4900,45
4901,45
4902,45
4903,45
4904,45
4905,45
4906,45
4907,45
4908,45
4909,45
4910,45
4911,45
4912,45
4913,45
4914,45
4915,45
4916,45
4917,45
4918,45
4919,45
4920,45
4921,45
4922,45
4923,45
4924,45
4925,45
4926,45
4927,45
4928,45
4929,45
4930,45
4931,45
4932,45
4933,45
4934,45
4935,45
4936,45
4937,45
4938,45
4939,45
4940,45
4941,45
4942,45
4943,45
4944,45
4945,45
4946,45
4947,45
4948,45
4949,45
4950,45
4951,45
4952,45
4953,45
4954,45
4955,45
4956,45
4957,45
4958,45
4959,45
4960,45
4961,45
4962,45
4963,45
4964,45
4965,45
4966,45
4967,45
4968,45
4969,45
4970,45
4971,45
4972,45
4973,45
4974,45
4975,45
4976,45
4977,45
4978,45
4979,45
4980,45
4981,45
4982,45
4983,45
4984,45
4985,45
4986,45
4987,45
4988,45
4989,45
4990,45
4991,45
4992,45
4993,45
4994,45
4995,45
4996,45
4997,45
4998,45
4999,45
5000,45
5001,45
5002,45
5003,45
5004,45
5005,45
5006,45
5007,45
5008,45
5009,45
5010,45
5011,45
5012,45
5013,45
5014,45
5015,45
5016,45
5017,45
5018,45
5019,45
5020,45
5021,45
5022,45
5023,45
5024,45
5025,45
5026,45
5027,45
5028,45
5029,45
5030,45
5031,45
5032,45
5033,45
5034,45
5035,45
5036,45
5037,45
5038,45
5039,45
5040,45
5041,45
5042,45
5043,45
5044,45
5045,45
5046,45
5047,45
5048,45
5049,45
5050,45
5051,45
5052,45
5053,45
5054,45
5055,45
5056,45
5057,45
5058,45
5059,45
5060,45
5061,45
5062,45
5063,45
5064,45
5065,45
5066,45
5067,45
5068,45
5069,45
5070,45
5071,45
5072,45
5073,45
5074,45
5075,45
5076,45
5077,45
5078,45
5079,45
5080,45
5081,45
5082,45
5083,45
5084,45
5085,45
5086,45
5087,45
5088,45
5089,45
5090,45
5091,45
5092,45
5093,45
5094,45
5095,45
5096,45
5097,45
5098,45
5099,45
5100,45
5101,45
5102,45
5103,45
5104,45
5105,45
5106,45
5107,45
5108,45
5109,45
5110,45
5111,45
5112,45
5113,45
5114,45
5115,45
5116,45
5117,45
5118,45
5119,45
5120,45
5121,46
5122,46
5123,46
5124,46
5125,46
5126,46
5127,46
5128,46
5129,46
5130,46
5131,46
5132,46
5133,46
5134,46
5135,46
5136,46
5137,46
5138,46
5139,46
5140,46
5141,46
5142,46
5143,46
5144,46
5145,46
5146,46
5147,46
5148,46
5149,46
5150,46
5151,46
5152,46
5153,46
5154,46
5155,46
5156,46
5157,46
5158,46
5159,46
5160,46
5161,46
5162,46
5163,46
5164,46
5165,46
5166,46
5167,46
5168,46
5169,46
5170,46
5171,46
5172,46
5173,46
5174,46
5175,46
5176,46
5177,46
5178,46
5179,46
5180,46
5181,46
5182,46
5183,46
5184,46
5185,46
5186,46
5187,46
5188,46
5189,46
5190,46
5191,46
5192,46
5193,46
5194,46
5195,46
5196,46
5197,46
5198,46
5199,46
5200,46
5201,46
5202,46
5203,46
5204,46
5205,46
5206,46
5207,46
5208,46
5209,46
5210,46
5211,46
5212,46
5213,46
5214,46
5215,46
5216,46
5217,46
5218,46
5219,46
5220,46
5221,46
5222,46
5223,46
5224,46
5225,46
5226,46
5227,46
5228,46
5229,46
5230,46
5231,46
5232,46
5233,46
5234,46
5235,46
5236,46
5237,46
5238,46
5239,46
5240,46
5241,46
5242,46
5243,46
5244,46
5245,46
5246,46
5247,46
5248,46
5249,46
5250,46
5251,46
5252,46
5253,46
5254,46
5255,46
5256,46
5257,46
5258,46
5259,46
5260,46
5261,46
5262,46
5263,46
5264,46
5265,46
5266,46
5267,46
5268,46
5269,46
5270,46
5271,46
5272,46
5273,46
5274,46
5275,46
5276,46
5277,46
5278,46
5279,46
5280,46
5281,46
5282,46
5283,46
5284,46
5285,46
5286,46
5287,46
5288,46
5289,46
5290,46
5291,46
5292,46
5293,46
5294,46
5295,46
5296,46
5297,46
5298,46
5299,46
5300,46
5301,46
5302,46
5303,46
5304,46
5305,46
5306,46
5307,46
5308,46
5309,46
5310,46
5311,46
5312,46
5313,46
5314,46
5315,46
5316,46
5317,46
5318,46
5319,46
5320,46
5321,46
5322,46
5323,46
5324,46
5325,46
5326,46
5327,46
5328,46
5329,46
5330,46
5331,46
5332,46
5333,46
5334,46
5335,46
5336,46
5337,46
5338,46
5339,46
5340,46
5341,46
5342,46
5343,46
5344,46
5345,46
5346,46
5347,46
5348,46
5349,46
5350,46
5351,46
5352,46
5353,46
5354,46
5355,46
5356,46
5357,46
5358,46
5359,46
5360,46
5361,46
5362,46
5363,46
5364,46
5365,46
5366,46
5367,46
5368,46
5369,46
5370,46
5371,46
5372,46
5373,46
5374,46
5375,46
5376,46
5377,46
5378,46
5379,46
5380,46
5381,46
5382,46
5383,46
5384,47
5385,47
5386,47
5387,47
5388,47
5389,47
5390,47
5391,47
5392,47
5393,47
5394,47
5395,47
5396,47
5397,47
5398,47
5399,47
5400,47
5401,47
5402,47
5403,47
5404,47
5405,47
5406,47
5407,47
5408,47
5409,47
5410,47
5411,47
5412,47
5413,47
5414,47
5415,47
5416,47
5417,47
5418,47
5419,47
5420,47
5421,47
5422,47
5423,47
5424,47
5425,47
5426,47
5427,47
5428,47
5429,47
5430,47
5431,47
5432,48
5433,48
5434,48
5435,48
5436,48
5437,48
5438,48
5439,48
5440,48
5441,48
5442,48
5443,48
5444,48
5445,48
5446,48
5447,48
5448,48
5449,48
5450,48
5451,48
5452,48
5453,48
5454,48
5455,48
5456,48
5457,48
5458,48
5459,48
5460,48
5461,48
5462,48
5463,48
5464,48
5465,48
5466,48
5467,48
5468,48
5469,48
5470,48
5471,48
5472,48
5473,48
5474,48
5475,48
5476,48
5477,48
5478,48
5479,48
5480,48
5481,48
5482,48
5483,48
5484,48
5485,48
5486,48
5487,48
5488,48
5489,48
5490,48
5491,48
5492,48
5493,48
5494,48
5495,48
5496,49
5497,49
5498,49
5499,49
5500,49
5501,49
5502,49
5503,49
5504,49
5505,49
5506,49
5507,49
5508,49
5509,49
5510,49
5511,49
5512,49
5513,49
5514,49
5515,49
5516,49
5517,49
5518,49
5519,49
5520,49
5521,49
5522,49
